{
  "project_info": {
    "project_number": "491438206967",
    "project_id": "login-try-95fd6",
    "storage_bucket": "login-try-95fd6.appspot.com"
  },
  "client": [
    {
      "client_info": {
        "mobilesdk_app_id": "1:491438206967:android:52ac6da0ed8a46136fc8f2",
        "android_client_info": {
          "package_name": "com.example.login_database_try"
        }
      },
      "oauth_client": [
        {
          "client_id": "491438206967-5euvu85lt0utlddjen7gpsn8c3o8h133.apps.googleusercontent.com",
          "client_type": 3
        }
      ],
      "api_key": [
        {
          "current_key": "AIzaSyBs0QlTvFSLrMwtxEQdkdbKNqS-wpVLKto"
        }
      ],
      "services": {
        "appinvite_service": {
          "other_platform_oauth_client": [
            {
              "client_id": "491438206967-5euvu85lt0utlddjen7gpsn8c3o8h133.apps.googleusercontent.com",
              "client_type": 3
            }
          ]
        }
      }
    },
    {
      "client_info": {
        "mobilesdk_app_id": "1:491438206967:android:f3f4292685ce5f8e6fc8f2",
        "android_client_info": {
          "package_name": "com.example.logintry"
        }
      },
      "oauth_client": [
        {
          "client_id": "491438206967-5euvu85lt0utlddjen7gpsn8c3o8h133.apps.googleusercontent.com",
          "client_type": 3
        }
      ],
      "api_key": [
        {
          "current_key": "AIzaSyBs0QlTvFSLrMwtxEQdkdbKNqS-wpVLKto"
        }
      ],
      "services": {
        "appinvite_service": {
          "other_platform_oauth_client": [
            {
              "client_id": "491438206967-5euvu85lt0utlddjen7gpsn8c3o8h133.apps.googleusercontent.com",
              "client_type": 3
            }
          ]
        }
      }
    }
  ],
  "configuration_version": "1"
}